{"cameraMode":{"drawMode":0,"name":"Shaded","section":"Shading Mode"},"sceneLighting":true,"audioPlay":false,"sceneViewState":{"m_AlwaysRefresh":false,"showFog":true,"showSkybox":true,"showFlares":true,"showImageEffects":true,"showParticleSystems":true,"showVisualEffectGraphs":true,"m_FxEnabled":true},"in2DMode":false,"pivot":{"x":4.765619277954102,"y":-0.96079421043396,"z":127.39720153808594},"rotation":{"x":0.04348577558994293,"y":-0.005994368344545364,"z":0.00026086880825459957,"w":0.9990373253822327},"size":23.978382110595704,"orthographic":false}